"Date ","series ","OPEN ","HIGH ","LOW ","PREV. CLOSE ","ltp ","close ","vwap ","52W H ","52W L ","VOLUME ","VALUE ","No of trades "
"19-Apr-2024","EQ","734.50","752.00","732.05","744.80","750.00","750.45","743.33","793.40","528.00","1,08,86,554","8,09,23,49,855.55","1,91,080"
"18-Apr-2024","EQ","752.05","759.95","742.00","751.70","746.10","744.80","750.48","793.40","528.00","1,45,89,648","10,94,92,56,502.45","2,71,371"
"16-Apr-2024","EQ","751.25","754.90","744.40","757.50","752.80","751.70","750.07","793.40","528.00","1,33,38,991","10,00,52,42,780.00","2,02,899"
"15-Apr-2024","EQ","759.80","763.30","748.75","766.30","758.90","757.50","756.89","793.40","528.00","1,13,56,572","8,59,57,00,637.00","2,03,154"
"12-Apr-2024","EQ","777.25","779.50","764.80","779.05","766.55","766.30","772.32","793.40","524.40","1,44,08,722","11,12,81,57,762.80","2,45,294"
"10-Apr-2024","EQ","766.50","780.70","763.65","764.20","777.40","779.05","772.90","793.40","524.40","1,45,30,669","11,23,07,49,541.10","2,01,570"
"09-Apr-2024","EQ","768.45","772.45","761.10","768.30","765.05","764.20","766.79","793.40","524.40","74,65,892","5,72,47,66,013.05","1,27,868"
"08-Apr-2024","EQ","766.05","770.00","761.80","764.75","767.60","768.30","766.03","793.40","524.40","97,97,174","7,50,49,31,342.05","1,93,392"
"05-Apr-2024","EQ","757.95","767.70","752.60","759.30","765.90","764.75","760.39","793.40","519.05","99,39,620","7,55,79,66,836.05","1,59,848"
"04-Apr-2024","EQ","775.00","775.30","758.10","771.05","760.80","759.30","763.24","793.40","519.05","1,58,89,530","12,12,74,83,574.70","2,63,762"
"03-Apr-2024","EQ","764.90","772.60","760.15","766.40","771.00","771.05","767.84","793.40","519.05","1,91,36,981","14,69,42,03,509.30","2,77,412"
"02-Apr-2024","EQ","758.20","768.75","753.35","758.30","765.95","766.40","761.63","793.40","519.05","1,57,13,063","11,96,75,15,949.70","1,99,522"
"01-Apr-2024","EQ","759.05","761.50","752.10","752.35","758.00","758.30","757.16","793.40","519.05","99,49,971","7,53,36,78,627.05","1,55,072"
"28-Mar-2024","EQ","737.75","759.55","736.90","733.30","752.95","752.35","750.83","793.40","501.55","2,17,05,116","16,29,67,64,834.75","2,50,615"
"27-Mar-2024","EQ","743.00","745.85","730.20","740.05","736.50","733.30","735.91","793.40","501.55","3,00,88,789","22,14,26,32,347.65","3,03,834"
"26-Mar-2024","EQ","743.05","747.85","738.50","746.70","741.80","740.05","741.15","793.40","501.55","1,46,78,342","10,87,88,01,267.10","4,71,853"
"22-Mar-2024","EQ","743.85","748.80","741.40","744.30","746.50","746.70","746.09","793.40","501.55","1,55,35,921","11,59,11,96,217.50","2,61,750"
"21-Mar-2024","EQ","742.00","750.60","740.55","736.25","742.80","744.30","745.38","793.40","501.55","1,51,61,161","11,30,08,17,864.00","2,97,397"
"20-Mar-2024","EQ","725.15","738.95","719.80","723.80","736.60","736.25","731.17","793.40","501.55","2,54,05,455","18,57,56,65,608.10","4,11,626"
"19-Mar-2024","EQ","730.00","734.35","721.15","730.95","722.55","723.80","727.47","793.40","501.55","1,52,05,043","11,06,12,61,059.95","2,03,852"
"18-Mar-2024","EQ","727.10","737.90","722.10","731.90","732.45","730.95","729.81","793.40","501.55","1,81,45,126","13,24,25,20,782.95","2,66,091"
"15-Mar-2024","EQ","739.25","746.55","723.00","741.05","732.65","731.90","731.27","793.40","501.55","2,97,92,241","21,78,60,99,985.35","3,82,516"
"14-Mar-2024","EQ","749.90","750.80","734.05","747.25","741.00","741.05","743.03","793.40","501.55","1,97,30,882","14,66,06,90,669.70","3,04,735"
"13-Mar-2024","EQ","758.65","763.70","743.00","759.70","747.40","747.25","751.85","793.40","501.55","2,79,50,252","21,01,43,17,799.65","4,62,302"
"12-Mar-2024","EQ","770.00","777.75","757.35","773.70","759.00","759.70","764.67","793.40","501.55","2,15,29,705","16,46,30,45,923.05","3,90,497"
"11-Mar-2024","EQ","790.00","792.80","770.55","788.05","773.95","773.70","778.59","793.40","501.55","1,67,78,340","13,06,34,54,668.35","3,87,291"
"07-Mar-2024","EQ","790.00","793.40","783.00","783.90","786.00","788.05","788.54","793.40","501.55","1,54,97,868","12,22,07,05,592.60","2,19,629"
"06-Mar-2024","EQ","783.65","790.30","772.90","783.95","783.70","783.90","783.81","790.30","501.55","2,67,10,525","20,93,60,92,585.05","5,03,262"
"05-Mar-2024","EQ","769.50","786.95","769.10","772.05","784.60","783.95","782.20","786.95","501.55","1,80,88,847","14,14,91,13,322.65","4,04,509"
"04-Mar-2024","EQ","774.40","777.00","769.00","773.30","771.35","772.05","772.72","777.50","501.55","97,89,141","7,56,42,84,699.60","1,97,362"
"02-Mar-2024","EQ","771.95","777.00","768.90","769.15","773.70","773.30","774.03","777.50","501.55","11,58,960","89,70,65,444.75","27,382"
"01-Mar-2024","EQ","752.00","772.00","751.95","748.10","770.00","769.15","763.20","777.50","501.55","1,73,48,526","13,24,04,13,220.45","3,09,262"
"29-Feb-2024","EQ","743.90","753.90","737.15","742.50","753.00","748.10","745.74","777.50","501.55","1,92,17,113","14,33,08,98,842.35","3,89,495"
"28-Feb-2024","EQ","749.85","756.75","741.00","749.85","743.00","742.50","747.76","777.50","501.55","1,12,63,318","8,42,22,54,972.85","2,83,338"
"27-Feb-2024","EQ","758.90","762.35","742.20","758.90","749.50","749.85","751.69","777.50","501.55","1,39,69,393","10,50,06,29,239.15","3,15,352"
"26-Feb-2024","EQ","755.00","766.35","752.70","759.05","758.40","758.90","759.32","777.50","501.55","1,13,55,186","8,62,22,14,664.70","2,80,156"
"23-Feb-2024","EQ","765.90","770.50","755.00","765.90","760.35","759.05","761.81","777.50","501.55","1,41,43,636","10,77,48,10,691.75","4,79,997"
"22-Feb-2024","EQ","773.00","773.00","757.00","771.50","766.95","765.90","764.01","777.50","501.55","1,87,99,244","14,36,28,48,260.80","3,72,278"
"21-Feb-2024","EQ","760.65","777.50","759.60","760.10","772.05","771.50","770.65","777.50","501.55","2,14,65,311","16,54,22,28,829.40","4,41,746"
"20-Feb-2024","EQ","759.05","763.50","754.00","759.25","760.65","760.10","759.33","774.60","501.55","1,25,28,399","9,51,31,87,763.75","2,60,985"
"19-Feb-2024","EQ","758.70","765.00","750.00","754.70","759.65","759.25","758.61","774.60","501.55","1,39,79,584","10,60,50,31,489.65","2,53,774"
"16-Feb-2024","EQ","763.45","774.60","753.35","761.70","757.35","754.70","763.14","774.60","501.55","2,73,65,121","20,88,33,78,535.90","5,19,358"
"15-Feb-2024","EQ","747.70","764.00","741.65","743.40","760.40","761.70","754.14","764.00","501.55","3,39,41,282","25,59,65,07,159.35","8,63,114"
"14-Feb-2024","EQ","705.55","748.50","705.55","713.45","743.00","743.40","730.54","748.50","501.55","3,67,82,182","26,87,09,28,805.05","4,93,455"
"13-Feb-2024","EQ","708.55","718.00","702.15","707.90","711.35","713.45","711.68","728.35","501.55","2,33,51,472","16,61,86,87,259.40","3,64,739"
"12-Feb-2024","EQ","726.00","726.00","704.50","725.25","707.00","707.90","713.27","728.35","501.55","2,28,73,137","16,31,48,27,822.60","5,73,623"
"09-Feb-2024","EQ","703.65","728.35","694.20","699.55","725.45","725.25","711.47","728.35","501.55","4,32,35,061","30,76,02,44,551.05","7,57,763"
"08-Feb-2024","EQ","680.40","718.90","678.50","675.25","699.80","699.55","700.87","718.90","501.55","7,42,22,434","52,02,06,33,464.10","9,78,644"
"07-Feb-2024","EQ","655.05","677.95","655.00","650.25","677.50","675.25","669.94","677.95","501.55","4,16,96,232","27,93,40,60,703.15","7,97,692"
"06-Feb-2024","EQ","644.45","655.00","637.70","642.95","654.80","650.25","644.26","660.55","501.55","1,40,79,390","9,07,07,37,392.70","2,30,842"
"05-Feb-2024","EQ","647.10","654.80","638.75","649.65","643.00","642.95","646.89","660.55","501.55","2,83,39,525","18,33,25,81,475.65","3,48,687"
"02-Feb-2024","EQ","652.00","660.55","646.70","647.65","648.00","649.65","653.81","660.55","499.35","2,74,71,811","17,96,12,31,828.75","3,62,306"
"01-Feb-2024","EQ","642.75","652.95","633.25","640.50","648.50","647.65","644.85","660.40","499.35","2,65,87,707","17,14,50,97,528.60","3,41,287"
"31-Jan-2024","EQ","626.40","643.20","622.00","626.75","641.55","640.50","634.65","660.40","499.35","2,32,70,745","14,76,87,84,599.55","3,31,696"
"30-Jan-2024","EQ","625.45","633.50","624.20","622.95","625.50","626.75","628.36","660.40","499.35","1,69,66,577","10,66,11,20,748.15","3,40,803"
"29-Jan-2024","EQ","619.00","629.50","615.60","612.75","624.20","622.95","622.28","660.40","499.35","1,95,72,140","12,17,92,66,716.90","3,75,931"
"25-Jan-2024","EQ","618.50","623.80","606.25","618.30","615.00","612.75","612.47","660.40","499.35","2,26,84,904","13,89,39,36,068.05","2,95,756"
"24-Jan-2024","EQ","609.95","622.35","603.10","605.10","618.00","618.30","615.78","660.40","499.35","1,92,21,835","11,83,64,60,488.35","2,74,606"
"23-Jan-2024","EQ","627.00","634.90","600.65","631.40","606.00","605.10","613.88","660.40","499.35","3,09,54,343","19,00,24,05,937.25","4,09,569"
"20-Jan-2024","EQ","629.00","633.80","624.10","627.75","631.00","631.40","628.99","660.40","499.35","98,86,760","6,21,87,02,860.50","1,33,765"
"19-Jan-2024","EQ","633.00","635.50","624.70","628.30","628.70","627.75","629.47","660.40","499.35","1,16,75,202","7,34,91,40,974.30","2,08,754"
"18-Jan-2024","EQ","625.80","633.45","619.05","626.00","628.50","628.30","627.46","660.40","499.35","1,46,95,436","9,22,07,94,332.40","2,39,183"
"17-Jan-2024","EQ","624.00","636.80","623.00","636.90","626.45","626.00","628.60","660.40","499.35","3,00,16,308","18,86,83,96,654.85","4,28,458"
"16-Jan-2024","EQ","640.00","644.90","633.45","640.10","637.55","636.90","639.72","660.40","499.35","1,50,25,543","9,61,21,87,789.45","2,53,396"
"15-Jan-2024","EQ","638.90","645.50","636.10","633.60","640.80","640.10","640.23","660.40","499.35","1,68,44,018","10,78,40,99,571.95","3,00,031"
"12-Jan-2024","EQ","623.80","636.50","621.10","620.20","635.25","633.60","630.54","660.40","499.35","1,66,20,797","10,48,01,04,627.65","3,02,558"
"11-Jan-2024","EQ","626.00","627.15","618.50","621.75","621.25","620.20","621.85","660.40","499.35","1,55,33,860","9,65,97,92,551.10","2,84,550"
"10-Jan-2024","EQ","624.80","625.30","618.20","625.40","622.00","621.75","622.15","660.40","499.35","1,27,42,464","7,92,76,74,893.10","2,13,657"
"09-Jan-2024","EQ","632.00","634.35","624.50","627.00","625.95","625.40","629.70","660.40","499.35","1,34,00,235","8,43,80,88,899.05","2,36,123"
"08-Jan-2024","EQ","640.00","645.00","625.05","641.95","627.90","627.00","633.49","660.40","499.35","1,47,39,531","9,33,73,25,175.95","3,36,839"
"05-Jan-2024","EQ","645.00","651.75","637.75","642.75","641.45","641.95","645.02","660.40","499.35","1,59,84,585","10,31,04,53,920.00","2,72,662"
"04-Jan-2024","EQ","642.50","646.40","638.65","643.45","643.60","642.75","642.95","660.40","499.35","1,38,83,388","8,92,63,55,539.75","2,71,568"
"03-Jan-2024","EQ","639.35","648.00","635.80","639.45","644.50","643.45","643.21","660.40","499.35","1,45,71,772","9,37,27,32,858.90","2,52,225"
"02-Jan-2024","EQ","641.35","648.00","633.85","641.35","639.20","639.45","640.47","660.40","499.35","1,51,64,482","9,71,23,46,967.95","2,49,803"
"01-Jan-2024","EQ","642.20","646.90","638.00","642.05","638.10","641.35","643.93","660.40","499.35","82,95,548","5,34,17,16,373.30","2,57,804"
"29-Dec-2023","EQ","645.50","649.60","639.55","651.40","641.70","642.05","642.49","660.40","499.35","1,32,21,898","8,49,49,32,618.15","3,32,467"
"28-Dec-2023","EQ","650.25","653.30","646.50","648.55","649.30","651.40","650.46","660.40","499.35","1,69,82,092","11,04,61,12,701.50","3,01,058"
"27-Dec-2023","EQ","640.75","649.45","639.00","638.05","648.65","648.55","645.18","660.40","499.35","1,44,17,646","9,30,19,72,173.20","2,95,473"
"26-Dec-2023","EQ","638.85","641.30","635.65","636.75","638.50","638.05","639.19","660.40","499.35","1,01,53,089","6,48,97,68,989.95","2,98,625"
"22-Dec-2023","EQ","644.75","649.40","635.15","643.75","637.20","636.75","642.31","660.40","499.35","1,49,98,068","9,63,33,65,890.05","3,07,210"
"21-Dec-2023","EQ","632.15","648.95","627.50","636.45","644.00","643.75","639.02","660.40","499.35","1,99,15,516","12,72,64,51,072.85","3,47,188"
"20-Dec-2023","EQ","658.70","660.40","633.95","655.40","634.55","636.45","647.91","660.40","499.35","2,25,42,056","14,60,51,96,613.65","4,19,233"
"19-Dec-2023","EQ","648.50","659.60","640.25","648.50","656.00","655.40","652.88","659.60","499.35","1,99,64,008","13,03,41,25,974.85","3,84,049"
"18-Dec-2023","EQ","646.65","655.65","642.40","648.25","647.60","648.50","650.04","655.65","499.35","1,62,21,796","10,54,48,32,650.95","3,47,590"
"15-Dec-2023","EQ","628.00","650.00","619.85","623.65","648.30","648.25","638.08","650.00","499.35","2,98,13,572","19,02,34,30,389.90","4,33,979"
"14-Dec-2023","EQ","626.00","627.75","622.40","619.85","623.65","623.65","624.37","629.55","499.35","1,58,13,797","9,87,36,63,687.10","3,36,921"
"13-Dec-2023","EQ","614.45","620.50","611.65","612.40","619.00","619.85","616.90","629.55","499.35","1,39,77,914","8,62,29,77,354.10","2,79,821"
"12-Dec-2023","EQ","617.00","617.95","610.80","614.25","612.05","612.40","613.75","629.55","499.35","1,44,94,836","8,89,61,94,867.15","2,82,774"
"11-Dec-2023","EQ","615.00","619.90","613.10","614.15","614.20","614.25","615.99","629.55","499.35","1,17,06,255","7,21,08,78,840.80","2,85,158"
"08-Dec-2023","EQ","610.00","616.80","605.35","611.70","614.50","614.15","610.67","629.55","499.35","1,77,22,136","10,82,23,16,306.20","2,94,891"
"07-Dec-2023","EQ","610.00","612.55","605.00","608.45","611.50","611.70","609.73","629.55","499.35","1,07,25,706","6,53,97,46,289.50","2,48,309"
"06-Dec-2023","EQ","614.00","614.00","604.55","608.25","607.70","608.45","609.96","629.55","499.35","2,14,39,069","13,07,69,49,822.20","2,73,409"
"05-Dec-2023","EQ","595.05","611.30","595.05","594.70","608.25","608.25","606.37","629.55","499.35","3,64,30,152","22,09,01,96,336.45","4,32,396"
"04-Dec-2023","EQ","588.00","596.00","584.55","571.75","595.90","594.70","590.28","629.55","499.35","2,60,77,882","15,39,31,75,008.05","3,86,859"
"01-Dec-2023","EQ","567.00","574.20","566.55","564.75","571.85","571.75","571.83","629.55","499.35","1,06,14,230","6,06,95,42,121.05","1,89,868"
"30-Nov-2023","EQ","569.75","570.20","563.65","568.60","565.15","564.75","566.22","629.55","499.35","1,97,58,998","11,18,79,29,536.50","3,14,822"
"29-Nov-2023","EQ","568.00","569.00","565.10","564.45","568.35","568.60","567.58","629.55","499.35","1,02,99,034","5,84,55,06,569.15","2,06,929"
"28-Nov-2023","EQ","563.60","565.20","561.10","560.35","564.80","564.45","563.42","629.55","499.35","81,53,314","4,59,37,27,819.70","1,86,090"
"24-Nov-2023","EQ","561.95","562.45","559.25","559.95","560.70","560.35","560.63","629.55","499.35","65,29,851","3,66,08,04,948.55","1,55,259"
"23-Nov-2023","EQ","561.75","563.50","558.30","558.95","560.50","559.95","560.72","629.55","499.35","63,76,210","3,57,52,82,774.35","1,98,344"
"22-Nov-2023","EQ","562.95","564.50","555.15","561.50","559.50","558.95","559.00","629.55","499.35","1,49,09,071","8,33,42,45,035.50","2,47,815"
"21-Nov-2023","EQ","566.00","566.65","561.00","563.75","561.40","561.50","563.11","629.55","499.35","1,42,80,013","8,04,12,32,058.75","2,23,495"
"20-Nov-2023","EQ","564.00","566.80","560.60","563.05","563.50","563.75","564.68","629.55","499.35","1,27,14,585","7,17,96,13,743.45","2,64,832"
"17-Nov-2023","EQ","574.50","574.50","562.10","584.65","562.90","563.05","566.16","629.55","499.35","3,71,73,221","21,04,59,79,976.30","6,82,644"
"16-Nov-2023","EQ","584.70","588.00","582.90","584.70","584.10","584.65","585.40","629.55","499.35","86,22,660","5,04,76,71,165.75","1,79,964"
"15-Nov-2023","EQ","587.25","588.00","582.60","581.35","584.00","584.70","584.93","629.55","499.35","1,13,97,676","6,66,68,56,921.25","2,21,182"
"13-Nov-2023","EQ","581.00","582.50","575.20","581.30","581.30","581.35","578.71","629.55","499.35","1,12,82,362","6,52,91,78,380.05","1,77,978"
"12-Nov-2023","EQ","584.75","584.75","580.10","579.50","580.85","581.30","581.85","629.55","499.35","19,47,722","1,13,32,73,076.55","53,935"
"10-Nov-2023","EQ","577.80","581.00","575.40","578.35","580.25","579.50","578.70","629.55","499.35","67,73,038","3,91,95,67,928.90","1,19,792"
"09-Nov-2023","EQ","581.00","581.85","576.50","580.30","577.60","578.35","578.27","629.55","499.35","1,24,34,363","7,19,04,09,015.15","1,67,584"
"08-Nov-2023","EQ","581.90","582.60","579.00","579.75","580.40","580.30","580.52","629.55","499.35","1,54,34,808","8,96,01,48,835.65","3,91,419"
"07-Nov-2023","EQ","574.80","581.20","572.60","574.35","580.35","579.75","577.36","629.55","499.35","1,79,23,281","10,34,81,72,706.10","4,66,280"
"06-Nov-2023","EQ","582.00","582.50","573.25","578.15","573.95","574.35","575.70","629.55","499.35","1,64,99,138","9,49,84,82,029.95","3,30,138"
"03-Nov-2023","EQ","576.00","579.50","573.45","572.10","579.15","578.15","577.35","629.55","499.35","1,13,71,371","6,56,52,79,355.45","2,05,720"
"02-Nov-2023","EQ","571.10","575.45","567.60","566.40","572.00","572.10","571.18","629.55","499.35","1,11,48,516","6,36,78,49,377.00","2,12,716"
"01-Nov-2023","EQ","566.25","569.65","563.85","565.55","567.30","566.40","567.16","629.55","499.35","1,35,75,575","7,69,95,15,897.65","2,40,220"
"31-Oct-2023","EQ","567.00","569.50","563.15","565.20","565.95","565.55","566.37","629.55","499.35","1,30,39,696","7,38,53,12,631.25","2,36,664"
"30-Oct-2023","EQ","563.00","566.70","556.50","561.15","566.20","565.20","562.29","629.55","499.35","85,93,704","4,83,21,88,898.35","1,91,150"
"27-Oct-2023","EQ","550.00","562.50","550.00","547.00","561.70","561.15","558.49","629.55","499.35","1,04,15,296","5,81,68,77,868.95","2,10,599"
"26-Oct-2023","EQ","551.45","552.90","543.20","556.20","547.00","547.00","547.27","629.55","499.35","1,94,24,825","10,63,06,51,336.60","3,17,445"
"25-Oct-2023","EQ","558.60","560.80","553.60","552.95","556.60","556.20","557.67","629.55","499.35","1,21,34,624","6,76,71,61,161.25","2,62,171"
"23-Oct-2023","EQ","563.10","566.00","551.00","563.10","552.40","552.95","559.35","629.55","499.35","1,18,75,035","6,64,23,19,960.75","2,63,251"
"20-Oct-2023","EQ","569.90","570.00","562.10","571.20","562.80","563.10","565.15","629.55","499.35","1,11,10,988","6,27,93,75,187.50","2,82,726"
"19-Oct-2023","EQ","569.80","574.00","567.00","572.65","571.30","571.20","570.92","629.55","499.35","1,14,41,499","6,53,21,50,778.60","2,39,777"
"18-Oct-2023","EQ","577.75","579.25","569.35","576.45","572.75","572.65","573.26","629.55","499.35","1,17,77,454","6,75,15,31,244.10","2,70,057"
"17-Oct-2023","EQ","577.70","579.95","575.30","575.65","576.70","576.45","577.46","629.55","499.35","1,07,65,224","6,21,64,66,935.70","2,69,728"
"16-Oct-2023","EQ","576.00","578.75","571.50","576.15","575.50","575.65","576.02","629.55","499.35","1,12,90,293","6,50,33,88,837.60","4,85,503"
"13-Oct-2023","EQ","577.75","581.30","574.80","586.05","576.20","576.15","577.07","629.55","499.35","1,90,64,577","11,00,16,25,403.05","4,65,129"
"12-Oct-2023","EQ","590.80","593.00","585.00","588.35","585.60","586.05","588.33","629.55","499.35","1,19,83,797","7,05,03,77,951.75","1,71,954"
"11-Oct-2023","EQ","596.90","597.00","587.60","591.65","588.90","588.35","591.39","629.55","499.35","1,42,20,119","8,40,95,71,970.95","2,09,131"
"10-Oct-2023","EQ","587.00","595.00","585.75","585.10","591.20","591.65","590.68","629.55","499.35","1,03,73,508","6,12,74,06,833.20","2,50,192"
"09-Oct-2023","EQ","588.00","589.00","581.55","594.25","584.55","585.10","584.53","629.55","499.35","91,89,597","5,37,16,08,921.20","2,35,554"
"06-Oct-2023","EQ","593.40","598.95","592.20","592.15","594.00","594.25","595.04","629.55","499.35","82,16,780","4,88,92,95,417.95","1,87,684"
"05-Oct-2023","EQ","590.00","594.35","587.10","586.25","592.00","592.15","591.18","629.55","499.35","1,32,48,028","7,83,20,00,311.45","2,09,600"
"04-Oct-2023","EQ","600.00","600.45","584.45","602.95","585.20","586.25","590.41","629.55","499.35","2,49,14,612","14,70,97,73,963.60","3,08,578"
"03-Oct-2023","EQ","596.60","604.90","589.60","598.55","603.10","602.95","597.63","629.55","499.35","1,53,22,196","9,15,69,85,818.05","2,45,784"
"29-Sep-2023","EQ","592.85","600.00","591.30","589.95","598.30","598.55","597.22","629.55","499.35","1,21,89,735","7,27,99,47,317.40","2,24,164"
"28-Sep-2023","EQ","591.25","595.20","588.85","589.75","590.50","589.95","591.37","629.55","499.35","2,19,60,816","12,98,69,61,371.85","2,87,488"
"27-Sep-2023","EQ","593.45","594.30","588.20","594.40","590.00","589.75","590.74","629.55","499.35","98,65,347","5,82,78,26,886.25","2,32,626"
"26-Sep-2023","EQ","594.00","595.00","591.25","594.05","594.45","594.40","593.80","629.55","499.35","83,27,427","4,94,48,09,375.45","1,85,873"
"25-Sep-2023","EQ","601.50","601.50","590.45","598.15","593.95","594.05","594.79","629.55","499.35","97,12,784","5,77,71,09,828.20","2,62,285"
"22-Sep-2023","EQ","593.50","602.00","591.40","588.15","598.70","598.15","598.12","629.55","499.35","1,87,84,139","11,23,52,13,845.05","2,95,166"
"21-Sep-2023","EQ","600.00","606.60","584.65","601.10","587.90","588.15","593.29","629.55","499.35","2,34,53,425","13,91,46,25,160.45","4,25,490"
"20-Sep-2023","EQ","600.85","606.80","599.40","603.95","601.00","601.10","602.78","629.55","499.35","2,13,14,600","12,84,80,60,287.55","3,51,772"
"18-Sep-2023","EQ","598.80","608.40","597.05","598.80","603.00","603.95","605.18","629.55","499.35","1,93,05,055","11,68,30,85,228.80","3,36,027"
"15-Sep-2023","EQ","599.35","600.70","595.20","597.30","598.05","598.80","598.23","629.55","499.35","1,17,56,389","7,03,30,62,065.15","1,82,595"
"14-Sep-2023","EQ","598.45","603.70","595.20","596.45","596.60","597.30","598.77","629.55","499.35","1,31,78,911","7,89,11,38,917.75","2,60,528"
"13-Sep-2023","EQ","588.40","598.00","583.45","588.35","596.35","596.45","592.24","629.55","499.35","1,93,77,172","11,47,59,63,581.80","2,79,643"
"12-Sep-2023","EQ","593.65","594.25","584.65","591.70","587.60","588.35","588.44","629.55","499.35","1,60,93,060","9,46,98,53,287.90","2,54,109"
"11-Sep-2023","EQ","587.00","592.30","585.35","583.45","591.25","591.70","590.12","629.55","499.35","1,09,46,134","6,45,95,50,843.30","2,71,751"
"08-Sep-2023","EQ","581.00","588.50","579.70","579.05","583.40","583.45","584.57","629.55","499.35","1,40,32,068","8,20,27,79,359.95","2,05,241"
"07-Sep-2023","EQ","568.00","581.00","568.00","570.50","580.60","579.05","575.60","629.55","499.35","1,23,90,597","7,13,20,78,107.95","1,80,550"
"06-Sep-2023","EQ","574.25","574.25","568.00","573.00","570.95","570.50","570.55","629.55","499.35","2,06,09,936","11,75,91,00,652.10","3,37,013"
"05-Sep-2023","EQ","575.60","578.25","571.35","575.55","572.95","573.00","574.05","629.55","499.35","1,44,44,729","8,29,20,19,922.20","2,47,672"
"04-Sep-2023","EQ","572.00","576.35","568.45","569.55","575.60","575.55","572.87","629.55","499.35","1,21,08,655","6,93,66,98,350.40","1,95,524"
"01-Sep-2023","EQ","562.70","571.20","562.10","561.35","569.50","569.55","567.55","629.55","499.35","1,81,21,168","10,28,47,01,912.55","2,60,408"
"31-Aug-2023","EQ","569.30","570.30","559.40","567.40","562.15","561.35","564.43","629.55","499.35","2,78,98,476","15,74,66,86,711.25","3,26,854"
"30-Aug-2023","EQ","576.70","577.70","566.10","574.85","567.50","567.40","571.91","629.55","499.35","1,52,81,416","8,73,96,16,795.90","2,45,036"
"29-Aug-2023","EQ","573.65","576.30","571.85","572.85","575.25","574.85","574.01","629.55","499.35","1,31,44,855","7,54,53,23,890.40","2,32,951"
"28-Aug-2023","EQ","572.80","574.80","569.20","569.95","573.10","572.85","571.84","629.55","499.35","97,11,932","5,55,37,05,392.90","1,81,649"
"25-Aug-2023","EQ","573.80","575.30","567.20","576.95","569.70","569.95","571.20","629.55","499.35","1,22,71,885","7,00,96,92,537.00","1,98,589"
"24-Aug-2023","EQ","578.15","582.00","575.55","576.90","577.00","576.95","578.00","629.55","499.35","2,41,31,644","13,94,80,78,521.65","3,21,952"
"23-Aug-2023","EQ","571.00","577.95","566.00","568.50","576.30","576.90","572.66","629.55","499.35","1,85,79,297","10,63,96,20,981.45","2,60,827"
"22-Aug-2023","EQ","572.50","574.45","567.50","571.70","568.20","568.50","570.63","629.55","499.35","1,40,73,413","8,03,07,60,756.35","1,94,890"
"21-Aug-2023","EQ","572.95","575.55","570.75","572.95","571.30","571.70","572.74","629.55","499.35","93,80,810","5,37,27,33,325.40","1,54,325"
"18-Aug-2023","EQ","570.00","575.25","567.40","572.15","571.15","572.95","571.79","629.55","499.35","1,82,53,227","10,43,70,30,633.70","2,96,911"
"17-Aug-2023","EQ","565.75","573.15","564.00","565.35","571.75","572.15","568.81","629.55","499.35","2,79,10,162","15,87,54,89,835.20","3,38,178"
"16-Aug-2023","EQ","558.80","566.40","554.00","560.80","565.05","565.35","563.54","629.55","499.35","1,57,25,767","8,86,20,34,153.75","1,90,829"
"14-Aug-2023","EQ","572.95","573.00","558.60","574.15","561.00","560.80","561.45","629.55","499.35","2,80,84,093","15,76,76,94,753.00","4,78,707"
"11-Aug-2023","EQ","575.45","579.00","572.00","573.65","574.50","574.15","575.36","629.55","499.35","1,82,21,179","10,48,37,83,178.00","2,63,372"
"10-Aug-2023","EQ","573.75","577.60","570.10","573.75","574.00","573.65","573.33","629.55","499.35","2,73,25,801","15,66,65,66,522.25","4,21,225"
"09-Aug-2023","EQ","575.00","575.00","568.35","573.10","573.65","573.75","571.15","629.55","499.35","1,57,69,111","9,00,65,04,554.10","2,47,711"
"08-Aug-2023","EQ","571.00","574.25","568.45","567.90","573.70","573.10","571.54","629.55","499.35","2,50,38,671","14,31,05,53,091.45","3,53,947"
"07-Aug-2023","EQ","577.00","577.00","566.65","573.30","568.35","567.90","569.52","629.55","499.35","3,27,36,325","18,64,39,67,967.55","4,24,649"
"04-Aug-2023","EQ","594.80","598.70","571.40","590.50","573.20","573.30","582.94","629.55","499.35","5,27,25,616","30,73,59,73,949.65","5,68,761"
"03-Aug-2023","EQ","598.70","600.85","585.00","598.45","591.25","590.50","590.78","629.55","499.35","2,77,74,877","16,40,88,64,220.80","3,20,867"
"02-Aug-2023","EQ","609.85","610.50","594.10","611.85","598.80","598.45","601.63","629.55","499.35","1,49,77,497","9,01,09,47,970.40","2,73,820"
"01-Aug-2023","EQ","620.20","620.85","610.60","620.20","612.40","611.85","614.09","629.55","499.35","1,34,93,453","8,28,62,25,481.95","1,99,918"
"31-Jul-2023","EQ","616.65","621.00","614.50","616.05","619.00","620.20","618.92","629.55","499.35","86,05,483","5,32,61,28,162.15","1,24,305"
"28-Jul-2023","EQ","616.40","619.90","613.60","616.55","616.00","616.05","616.59","629.55","499.35","1,19,30,586","7,35,62,36,982.10","1,61,432"
"27-Jul-2023","EQ","616.40","621.25","613.10","615.15","617.00","616.55","616.65","629.55","499.35","1,74,44,742","10,75,73,20,781.55","2,26,610"
"26-Jul-2023","EQ","612.00","616.35","609.15","609.60","614.40","615.15","613.49","629.55","499.35","99,99,125","6,13,44,01,476.75","1,72,572"
"25-Jul-2023","EQ","621.80","621.80","604.20","617.65","609.90","609.60","610.43","629.55","499.35","1,85,03,305","11,29,48,99,424.10","2,82,970"
"24-Jul-2023","EQ","615.05","621.90","614.30","615.10","617.90","617.65","618.22","629.55","499.35","1,17,56,364","7,26,80,33,560.60","2,02,347"
"21-Jul-2023","EQ","610.00","619.50","609.00","610.05","615.35","615.10","616.02","629.55","482.10","2,10,40,281","12,96,12,08,006.40","2,78,392"
"20-Jul-2023","EQ","601.40","610.80","598.75","601.45","610.00","610.05","607.09","629.55","482.10","3,40,38,351","20,66,41,79,322.85","4,18,329"
"19-Jul-2023","EQ","594.65","602.40","592.00","592.35","600.85","601.45","598.20","629.55","482.10","1,75,56,585","10,50,24,35,041.00","2,29,380"
"18-Jul-2023","EQ","603.05","604.05","588.75","601.10","592.50","592.35","597.04","629.55","482.10","2,57,57,209","15,37,80,20,448.05","3,56,474"
"17-Jul-2023","EQ","587.00","602.85","584.20","584.40","602.00","601.10","594.72","629.55","482.10","1,93,78,986","11,52,51,51,182.85","2,55,411"
"14-Jul-2023","EQ","586.75","591.30","580.70","585.65","584.85","584.40","584.92","629.55","474.70","1,21,90,152","7,13,02,26,704.30","1,91,652"
"13-Jul-2023","EQ","594.90","598.00","583.35","589.25","586.00","585.65","591.82","629.55","474.70","2,00,24,503","11,85,08,04,940.95","2,92,405"
"12-Jul-2023","EQ","589.00","594.50","588.20","588.55","589.60","589.25","590.82","629.55","474.70","1,60,29,716","9,47,06,54,030.50","2,27,576"
"11-Jul-2023","EQ","595.00","595.95","587.35","592.60","589.35","588.55","591.37","629.55","474.70","1,32,21,177","7,81,86,63,062.75","2,24,137"
"10-Jul-2023","EQ","594.65","599.80","590.25","593.60","591.60","592.60","595.13","629.55","474.70","1,14,17,363","6,79,48,59,601.00","1,75,959"
"07-Jul-2023","EQ","590.00","595.50","585.50","592.50","592.50","593.60","590.44","629.55","466.85","1,17,07,209","6,91,24,13,770.85","2,20,036"
"06-Jul-2023","EQ","590.40","593.50","589.10","590.60","592.25","592.50","591.75","629.55","466.85","1,13,23,509","6,70,06,79,504.10","1,88,528"
"05-Jul-2023","EQ","589.80","593.70","588.20","589.25","591.25","590.60","590.50","629.55","466.85","1,35,98,114","8,02,97,06,202.95","2,71,617"
"04-Jul-2023","EQ","588.20","595.95","582.25","585.45","588.90","589.25","590.37","629.55","466.85","2,47,99,250","14,64,08,54,129.20","3,50,400"
"03-Jul-2023","EQ","574.50","586.35","573.90","572.85","585.40","585.45","581.26","629.55","466.85","1,54,21,985","8,96,41,44,325.90","2,11,446"
"30-Jun-2023","EQ","574.00","574.00","570.20","569.80","572.35","572.85","572.30","629.55","458.00","87,18,232","4,98,94,42,645.40","1,55,913"
"28-Jun-2023","EQ","572.25","574.00","568.55","566.10","571.00","569.80","571.17","629.55","458.00","1,80,28,934","10,29,76,58,917.65","2,43,601"
"27-Jun-2023","EQ","558.25","567.95","555.65","557.05","567.30","566.10","560.63","629.55","458.00","1,06,94,768","5,99,57,85,528.20","2,11,284"
"26-Jun-2023","EQ","556.00","558.50","554.50","554.60","557.35","557.05","556.75","629.55","458.00","83,60,264","4,65,46,18,050.30","1,64,198"
"23-Jun-2023","EQ","562.00","562.10","553.80","562.95","555.45","554.60","556.89","629.55","430.70","1,22,15,712","6,80,28,03,838.55","2,18,058"
"22-Jun-2023","EQ","566.35","569.00","561.05","566.35","562.90","562.95","564.62","629.55","430.70","1,49,79,063","8,45,74,57,302.25","1,99,200"
"21-Jun-2023","EQ","567.40","569.50","565.65","567.40","566.30","566.35","567.46","629.55","430.70","1,49,46,871","8,48,17,84,144.45","2,19,147"
"20-Jun-2023","EQ","568.85","569.45","562.55","568.85","568.00","567.40","565.75","629.55","430.70","1,45,49,152","8,23,11,66,324.45","2,16,416"
"19-Jun-2023","EQ","571.25","572.75","565.90","571.25","569.20","568.85","568.29","629.55","430.70","1,79,03,691","10,17,44,91,934.45","2,13,062"
"16-Jun-2023","EQ","568.75","574.70","567.05","566.50","570.00","571.25","570.69","629.55","430.70","1,26,60,226","7,22,50,83,719.50","1,78,755"
"15-Jun-2023","EQ","576.00","576.70","565.25","576.55","566.75","566.50","571.49","629.55","430.70","1,79,34,877","10,24,95,89,135.90","2,32,221"
"14-Jun-2023","EQ","577.00","578.55","575.25","576.40","576.35","576.55","576.96","629.55","430.70","89,48,696","5,16,30,47,228.70","1,22,388"
"13-Jun-2023","EQ","579.45","581.40","574.25","578.65","576.35","576.40","576.44","629.55","430.70","1,26,12,098","7,27,00,79,551.55","1,98,530"
"12-Jun-2023","EQ","580.00","581.50","577.70","578.70","578.55","578.65","579.37","629.55","430.70","87,86,066","5,09,03,56,083.85","1,29,364"
"09-Jun-2023","EQ","588.00","589.10","576.75","588.50","578.80","578.70","580.81","629.55","430.70","1,88,70,272","10,96,00,50,604.80","2,53,490"
"08-Jun-2023","EQ","589.95","593.95","586.35","589.20","588.00","588.50","591.21","629.55","430.70","1,59,71,917","9,44,27,24,430.85","1,40,988"
"07-Jun-2023","EQ","588.00","590.60","586.00","585.35","588.80","589.20","588.49","629.55","430.70","1,11,13,781","6,54,03,71,617.50","1,70,307"
"06-Jun-2023","EQ","588.00","588.90","583.00","587.20","586.00","585.35","585.23","629.55","430.70","1,11,99,940","6,55,45,43,425.95","1,40,444"
"05-Jun-2023","EQ","588.50","589.80","586.00","587.20","587.00","587.20","587.86","629.55","430.70","1,29,20,507","7,59,54,73,740.25","1,43,514"
"02-Jun-2023","EQ","584.70","588.90","583.00","582.75","586.60","587.20","586.45","629.55","430.70","1,13,23,908","6,64,09,01,519.45","1,57,397"
"01-Jun-2023","EQ","581.80","586.40","581.00","579.85","583.05","582.75","584.03","629.55","430.70","1,78,20,226","10,40,75,10,474.15","1,70,662"
"31-May-2023","EQ","583.80","584.80","577.50","592.80","581.00","579.85","581.09","629.55","430.70","2,87,97,643","16,73,39,58,686.45","2,09,733"
"30-May-2023","EQ","595.00","595.50","591.50","595.00","592.95","592.80","593.57","629.55","430.70","1,50,31,640","8,92,22,77,742.60","1,56,739"
"29-May-2023","EQ","590.00","596.40","588.05","586.00","594.60","595.00","593.50","629.55","430.70","1,84,32,231","10,93,96,16,927.30","3,23,484"
"26-May-2023","EQ","581.25","587.75","580.55","581.25","585.75","586.00","585.13","629.55","430.70","97,88,076","5,72,73,06,518.30","1,17,540"
"25-May-2023","EQ","582.00","582.90","577.00","582.70","580.70","581.25","580.06","629.55","430.70","1,64,79,436","9,55,91,18,791.75","1,51,117"
"24-May-2023","EQ","579.80","585.25","578.25","581.60","582.00","582.70","583.06","629.55","430.70","1,76,16,658","10,27,16,55,251.50","1,58,808"
"23-May-2023","EQ","578.90","583.70","576.80","577.15","580.30","581.60","580.66","629.55","430.70","1,61,20,548","9,36,05,57,915.40","1,54,666"
"22-May-2023","EQ","577.50","580.30","573.45","575.15","576.55","577.15","577.12","629.55","430.70","2,14,84,049","12,39,88,69,154.95","2,05,172"
"19-May-2023","EQ","579.00","586.25","569.90","574.20","575.65","575.15","576.07","629.55","430.70","4,22,93,962","24,36,42,73,546.75","3,51,340"
"18-May-2023","EQ","590.30","593.90","571.40","586.30","576.35","574.20","583.00","629.55","430.70","4,56,56,620","26,61,76,35,078.25","4,03,645"
"17-May-2023","EQ","586.00","590.50","579.50","586.30","587.20","586.30","584.82","629.55","430.70","2,37,39,774","13,88,33,95,488.50","2,51,054"
"16-May-2023","EQ","584.00","590.40","582.00","581.90","585.95","586.30","586.03","629.55","430.70","2,21,78,229","12,99,71,34,028.50","2,33,142"
"15-May-2023","EQ","578.75","584.00","574.65","578.15","582.05","581.90","581.35","629.55","430.70","1,14,10,243","6,63,33,67,008.50","1,76,477"
"12-May-2023","EQ","574.70","580.75","571.55","573.45","578.10","578.15","576.81","629.55","430.70","1,13,19,335","6,52,91,01,795.50","1,48,890"
"11-May-2023","EQ","572.20","580.00","572.00","572.20","573.70","573.45","574.59","629.55","430.70","1,60,16,715","9,20,31,23,584.55","1,83,896"
"10-May-2023","EQ","575.00","575.00","563.25","573.50","572.15","572.20","568.87","629.55","430.70","1,85,61,315","10,55,90,52,709.10","2,23,302"
"09-May-2023","EQ","585.00","586.45","572.10","583.60","573.70","573.50","576.83","629.55","430.70","1,89,59,065","10,93,61,67,606.40","2,47,801"
"08-May-2023","EQ","577.65","587.60","577.35","576.50","584.60","583.60","582.04","629.55","430.70","1,29,90,869","7,56,11,57,898.55","1,59,186"
"05-May-2023","EQ","580.20","588.25","575.05","580.00","576.45","576.50","582.81","629.55","430.70","1,81,63,461","10,58,59,37,155.00","1,82,941"
"04-May-2023","EQ","570.20","580.80","568.50","570.50","579.45","580.00","576.93","629.55","430.70","1,25,33,761","7,23,11,05,959.65","1,55,082"
"03-May-2023","EQ","570.65","575.00","569.00","575.30","569.90","570.50","572.27","629.55","430.70","96,99,527","5,55,07,86,227.05","1,51,234"
"02-May-2023","EQ","580.00","580.85","573.15","578.30","574.40","575.30","577.47","629.55","430.70","1,36,67,511","7,89,25,86,303.30","2,72,846"
"28-Apr-2023","EQ","567.80","580.45","565.50","564.75","576.10","578.30","572.14","629.55","430.70","1,61,83,423","9,25,91,24,491.90","1,72,070"
"27-Apr-2023","EQ","565.00","567.40","561.10","566.35","564.45","564.75","564.04","629.55","430.70","1,78,45,169","10,06,53,43,831.20","2,13,129"
"26-Apr-2023","EQ","562.00","567.00","556.45","561.80","567.00","566.35","562.67","629.55","430.70","2,31,43,882","13,02,24,69,078.50","1,95,651"
"25-Apr-2023","EQ","555.00","567.90","555.00","554.60","561.35","561.80","562.34","629.55","430.70","3,81,42,390","21,44,89,99,021.65","2,50,488"
"24-Apr-2023","EQ","543.80","555.55","543.50","543.15","553.80","554.60","550.47","629.55","430.70","2,33,35,611","12,84,55,92,513.85","2,10,456"
"21-Apr-2023","EQ","545.00","546.40","539.70","544.80","542.30","543.15","542.35","629.55","430.70","2,25,99,418","12,25,67,95,887.05","1,88,920"